name,bytes,note,v1,v2
empty,0,"0 baitu, tuscia",a5a5a5a5a5a5a5a50123456789abcdeffedcba98765432105a5a5a5a5a5a5a5a,addfeedc8dcf17ac60888a950919fa648b81b0757e6880586d748df87dbbea8b
one_a,1,"1 baitas",1e1e3c787878ac0c0123456789abcdeffedcba98765432105a5a5a5a5a5a5a5b,3a160f7aa40d527a0469221c51c203920dcbcc5eaa0c3c639182952c0af8e0aa
one_b,1,"1 baitas",1e1e3f787878b1250123456789abcdeffedcba98765432105a5a5a5a5a5a5a5b,60bbd81c734eba9ab415436678cfc5c20a6f99232f8b87eb079e220f495f43bd
rand2000,2000,"2000 atsitiktiniu ASCII",32e3a4a2635a45993b53407ac898182bd7e8697b11d0f30e50237d59118dd48b,71b86ff83858be59441d73a602773405ace4705e7c52933814c424ba9258a55f
rand2000_first,2000,"pakeistas 1-as baitas",51ee1060cd9036db3b53407ac898182bd7e8697b11d0f30e50237d59118dd48b,52087482fc9c7ec5990e00500a341ab099b36ac0864c5ef77d2eaac3dd874d69
rand2000_mid,2000,"pakeistas vidurio baitas",b488015025b172173b53407ac898182bd7e8697b11d0f30e50237d59118dd48b,1b041249f88ae593fff97760e6f0fad467785b0c8d18d32c9f5d5a6afb2f55b5
rand2000_last,2000,"pakeistas paskutinis baitas",32e3a4a2635a45993b53407ac898182bd7e8697b11d0f30e50236659118dab96,65fcf23e2108e1e36c08cd59747c20748795c74a7e4e4f326bc851292b6ba62f
repeat32a,32,"pasikartojantys simboliai",673ead3b2515194db484597c5e327a574b862eb6f4dccf08ab7baa1d54eafbb2,576fd5640e0695783f45bb2bd5b86b38ad022539bb927b7893f5cc8be3a5d4d1
perm_abcdef,6,"perstatymas A",a60d29b4b50cf66bdc8d87fffee28b83654384111111b969e1e1c5878787575c,9a8a2856eced4d5a9d85acbfabbde9ebe885d3f3244b7993e167b6d0335146ae
perm_fedcba,6,"perstatymas B",a60948b4b5094241dc829cfffed8a7ad654385111111bb1ce1e1c08787874edd,480a91b6e74b8b8ccfab48efa8287a5961e09797638afc4db1af342cac25654d
lead_space,6,"tarpas pradzioje",a53646b4b455b9c9dc786efffed004fe654386111111bccfe1e1bd87878749c4,7a653fd77add19e7484da519cc054a36f4457d2f9eab81e20329e36e0068fcb1
trail_space,6,"tarpas pabaigoje",a62b43b4b5262028dc82dbfffed912ba65438d111111c8b4e1e1bd87878749c4,b81f660f3dba6c58daebe14da4136fa1a2129160a55172fb3e6537f0b518b149
no_newline,5,"be naujos eilutes",a62b43b4b52620289abc78eeeeee417e65438d111111c8b4e1e1bd87878749c7,dbe2faa0f09cc8b5613f9fc6f0f28bbd2ace7b767863774516c952f03f16d4ab
with_newline,6,"su nauja eilute",a62b43b4b5262028dc82f1fffed9381c65438d111111c8b4e1e1bd87878749c4,0bba3352380dbf87fa775ae5e3430d8e20992a36a285682b9c77e06a384f30b6
utf8,9,"UTF-8: 5 simboliai, 9 baitai",4a17451041aac465db40cafffdc81c0e2400ec0001963edf59d41f4b4ad8d518,9a3d097a25c13c13f2c6102439478faa67f765152cdb48d83fc2e2ca55dba2f6
