lines,bytes,v1_mean_ns,v1_min_ns,v1_max_ns,v2_mean_ns,v2_min_ns,v2_max_ns
1,87,123.15,103.17,145.72,173.45,169.14,178.94
2,338,254.88,251.33,262.60,502.76,492.69,543.58
4,763,507.44,484.75,573.75,1041.21,1031.98,1054.03
8,1337,849.58,810.84,964.73,1810.69,1784.14,1900.87
16,2767,1673.27,1592.52,1792.11,3623.62,3565.65,3694.32
32,5137,2896.55,2882.26,2917.74,6690.01,6593.32,6840.36
64,9740,5568.15,5453.66,5849.27,12726.90,12498.05,13370.24
128,19653,11941.30,10977.23,12820.79,25037.48,24733.66,25552.48
256,39056,21953.78,21607.84,22201.96,50380.95,49915.69,51874.51
512,77836,46352.57,43332.00,55096.00,102654.86,99548.00,105388.00
1024,157155,87976.19,86275.00,90183.33,202216.67,199141.67,207575.00
1200,184190,103051.43,102230.00,103920.00,242202.86,235950.00,261980.00
