version,length,bit_min,bit_max,bit_mean,hex_min,hex_max,hex_mean
v1,10,1.9531,17.9688,7.3789,6.2500,25.0000,14.1999
v1,100,2.3438,18.7500,11.9741,6.2500,25.0000,22.4802
v1,500,1.9531,18.7500,12.4098,6.2500,25.0000,23.2852
v1,1000,2.7344,19.5312,12.4595,6.2500,25.0000,23.3603
v1,all,1.9531,19.5312,11.0556,6.2500,25.0000,20.8314
v2,10,34.7656,63.2812,50.0249,78.1250,100.0000,93.7369
v2,100,38.6719,62.1094,50.0030,78.1250,100.0000,93.7732
v2,500,37.5000,62.1094,49.9853,78.1250,100.0000,93.7364
v2,1000,37.5000,62.8906,50.0023,79.6875,100.0000,93.7668
v2,all,34.7656,63.2812,50.0039,78.1250,100.0000,93.7533
