bit_diff,v1_count,v2_count
0,0,0
1,0,0
2,0,0
3,0,0
4,0,0
5,25,0
6,126,0
7,360,0
8,634,0
9,860,0
10,1152,0
11,1312,0
12,1469,0
13,1604,0
14,1614,0
15,1512,0
16,1553,0
17,1405,0
18,1461,0
19,1440,0
20,1384,0
21,1349,0
22,1465,0
23,1558,0
24,1786,0
25,2299,0
26,3059,0
27,3943,0
28,4857,0
29,6137,0
30,6906,0
31,7410,0
32,7550,0
33,7293,0
34,6726,0
35,5468,0
36,4537,0
37,3476,0
38,2463,0
39,1689,0
40,995,0
41,565,0
42,282,0
43,138,0
44,75,0
45,40,0
46,16,0
47,4,0
48,2,0
49,0,0
50,1,0
51,0,0
52,0,0
53,0,0
54,0,0
55,0,0
56,0,0
57,0,0
58,0,0
59,0,0
60,0,0
61,0,0
62,0,0
63,0,0
64,0,0
65,0,0
66,0,0
67,0,0
68,0,0
69,0,0
70,0,0
71,0,0
72,0,0
73,0,0
74,0,0
75,0,0
76,0,0
77,0,0
78,0,0
79,0,0
80,0,0
81,0,0
82,0,0
83,0,0
84,0,0
85,0,0
86,0,0
87,0,0
88,0,0
89,0,1
90,0,0
91,0,0
92,0,1
93,0,0
94,0,0
95,0,0
96,0,3
97,0,5
98,0,2
99,0,5
100,0,14
101,0,18
102,0,32
103,0,30
104,0,46
105,0,86
106,0,120
107,0,158
108,0,225
109,0,303
110,0,354
111,0,497
112,0,647
113,0,866
114,0,1101
115,0,1339
116,0,1589
117,0,1953
118,0,2188
119,0,2669
120,0,2932
121,0,3462
122,0,3690
123,0,4136
124,0,4592
125,0,4700
126,0,4918
127,0,4873
128,0,4936
129,0,4914
130,0,4804
131,0,4602
132,0,4295
133,0,4208
134,0,3908
135,0,3344
136,0,3122
137,0,2602
138,0,2352
139,0,1962
140,0,1633
141,0,1290
142,0,1090
143,0,830
144,0,624
145,0,498
146,0,439
147,0,280
148,0,216
149,0,152
150,0,120
151,0,63
152,0,58
153,0,27
154,0,31
155,0,15
156,0,10
157,0,9
158,0,7
159,0,2
160,0,0
161,0,1
162,0,1
163,0,0
164,0,0
165,0,0
166,0,0
167,0,0
168,0,0
169,0,0
170,0,0
171,0,0
172,0,0
173,0,0
174,0,0
175,0,0
176,0,0
177,0,0
178,0,0
179,0,0
180,0,0
181,0,0
182,0,0
183,0,0
184,0,0
185,0,0
186,0,0
187,0,0
188,0,0
189,0,0
190,0,0
191,0,0
192,0,0
193,0,0
194,0,0
195,0,0
196,0,0
197,0,0
198,0,0
199,0,0
200,0,0
201,0,0
202,0,0
203,0,0
204,0,0
205,0,0
206,0,0
207,0,0
208,0,0
209,0,0
210,0,0
211,0,0
212,0,0
213,0,0
214,0,0
215,0,0
216,0,0
217,0,0
218,0,0
219,0,0
220,0,0
221,0,0
222,0,0
223,0,0
224,0,0
225,0,0
226,0,0
227,0,0
228,0,0
229,0,0
230,0,0
231,0,0
232,0,0
233,0,0
234,0,0
235,0,0
236,0,0
237,0,0
238,0,0
239,0,0
240,0,0
241,0,0
242,0,0
243,0,0
244,0,0
245,0,0
246,0,0
247,0,0
248,0,0
249,0,0
250,0,0
251,0,0
252,0,0
253,0,0
254,0,0
255,0,0
256,0,0
